,PROVINCIA,MUNICIPIO,ESTACION,MAGNITUD,PUNTO_MUESTREO,ANO,MES,D01,V01,D02,V02,D03,V03,D04,V04,D05,V05,D06,V06,D07,V07,D08,V08,D09,V09,D10,V10,D11,V11,D12,V12,D13,V13,D14,V14,D15,V15,D16,V16,D17,V17,D18,V18,D19,V19,D20,V20,D21,V21,D22,V22,D23,V23,D24,V24,D25,V25,D26,V26,D27,V27,D28,V28,D29,V29,D30,V30,D31,V31,total
120,28,79,8,10,28079008_10_47,2010,1,12.0,V,16.0,V,13.0,V,8.0,V,12.0,V,12.0,V,7.0,V,14.0,V,11.0,V,17.0,V,15.0,V,12.0,V,16.0,V,13.0,V,20.0,V,19.0,V,13.0,V,20.0,V,14.0,V,19.0,V,23.0,V,30.0,V,15.0,V,12.0,V,7.0,V,13.0,V,14.0,V,21.0,V,20.0,V,9.0,V,11.0,V,14.774193548387096
121,28,79,8,10,28079008_10_47,2010,2,11.0,V,13.0,V,18.0,V,33.0,V,22.0,V,17.0,V,23.0,V,19.0,V,13.0,V,20.0,V,16.0,V,20.0,V,13.0,V,11.0,V,21.0,V,0.0,N,0.0,N,0.0,N,0.0,N,5.0,V,5.0,V,6.0,V,10.0,V,18.0,V,12.0,V,23.0,V,15.0,V,12.0,V,0.0,N,0.0,N,0.0,N,15.708333333333334
122,28,79,8,10,28079008_10_47,2010,3,20.0,V,17.0,V,19.0,V,29.0,V,14.0,V,7.0,V,12.0,V,12.0,V,20.0,V,24.0,V,26.0,V,24.0,V,22.0,V,13.0,V,35.0,V,33.0,V,37.0,V,63.0,V,73.0,V,136.0,V,79.0,V,51.0,V,39.0,V,46.0,V,19.0,V,23.0,V,19.0,V,25.0,V,32.0,V,22.0,V,20.0,V,32.67741935483871
123,28,79,8,10,28079008_10_47,2010,4,11.0,V,20.0,V,16.0,V,13.0,V,18.0,V,34.0,V,24.0,V,17.0,V,25.0,V,25.0,V,29.0,V,29.0,V,20.0,V,16.0,V,19.0,V,21.0,V,14.0,V,14.0,V,21.0,V,26.0,V,33.0,V,22.0,V,25.0,V,26.0,V,31.0,V,29.0,V,38.0,V,34.0,V,40.0,V,33.0,V,0.0,N,24.2
124,28,79,8,10,28079008_10_47,2010,5,20.0,V,15.0,V,16.0,V,17.0,V,19.0,V,25.0,V,29.0,V,26.0,V,16.0,V,17.0,V,26.0,V,21.0,V,21.0,V,19.0,V,10.0,V,12.0,V,22.0,V,24.0,V,24.0,V,36.0,V,36.0,V,34.0,V,37.0,V,34.0,V,37.0,V,31.0,V,28.0,V,20.0,V,20.0,V,31.0,V,21.0,V,24.129032258064516
125,28,79,8,10,28079008_10_47,2010,6,22.0,V,22.0,V,21.0,V,37.0,V,39.0,V,35.0,V,35.0,V,33.0,V,12.0,V,20.0,V,23.0,V,13.0,V,10.0,V,16.0,V,13.0,V,18.0,V,23.0,V,30.0,V,16.0,V,13.0,V,23.0,V,30.0,V,32.0,V,40.0,V,36.0,V,19.0,V,17.0,V,28.0,V,25.0,V,28.0,V,0.0,N,24.466666666666665
126,28,79,8,10,28079008_10_47,2010,7,42.0,V,36.0,V,22.0,V,26.0,V,25.0,V,29.0,V,39.0,V,59.0,V,47.0,V,40.0,V,43.0,V,42.0,V,40.0,V,25.0,V,26.0,V,44.0,V,31.0,V,37.0,V,46.0,V,45.0,V,37.0,V,33.0,V,21.0,V,24.0,V,17.0,V,19.0,V,36.0,V,40.0,V,33.0,V,21.0,V,40.0,V,34.54838709677419
127,28,79,8,10,28079008_10_47,2010,8,47.0,V,49.0,V,16.0,V,23.0,V,19.0,V,35.0,V,43.0,V,56.0,V,79.0,V,124.0,V,64.0,V,44.0,V,18.0,V,12.0,V,20.0,V,34.0,V,32.0,V,42.0,V,46.0,V,32.0,V,30.0,V,28.0,V,34.0,V,30.0,V,38.0,V,49.0,V,32.0,V,29.0,V,23.0,V,22.0,V,60.0,V,39.25806451612903
128,28,79,8,10,28079008_10_47,2010,9,43.0,V,38.0,V,28.0,V,36.0,V,39.0,V,47.0,V,36.0,V,16.0,V,36.0,V,38.0,V,47.0,V,50.0,V,39.0,V,37.0,V,57.0,V,43.0,V,20.0,V,13.0,V,22.0,V,32.0,V,33.0,V,44.0,V,59.0,V,14.0,V,9.0,V,14.0,V,27.0,V,38.0,V,34.0,V,47.0,V,0.0,N,34.8
129,28,79,8,10,28079008_10_47,2010,10,45.0,V,46.0,V,38.0,V,11.0,V,31.0,V,43.0,V,0.0,N,0.0,N,19.0,V,13.0,V,20.0,V,12.0,V,25.0,V,30.0,V,28.0,V,18.0,V,11.0,V,24.0,V,41.0,V,57.0,V,47.0,V,48.0,V,48.0,V,38.0,V,17.0,V,48.0,V,53.0,V,68.0,V,53.0,V,10.0,V,12.0,V,33.206896551724135
130,28,79,8,10,28079008_10_47,2010,11,10.0,V,24.0,V,51.0,V,45.0,V,35.0,V,27.0,V,16.0,V,19.0,V,0.0,N,22.0,V,29.0,V,41.0,V,30.0,V,16.0,V,18.0,V,24.0,V,20.0,V,25.0,V,30.0,V,16.0,V,15.0,V,20.0,V,27.0,V,26.0,V,25.0,V,16.0,V,14.0,V,22.0,V,20.0,V,16.0,V,0.0,N,24.448275862068964
131,28,79,8,10,28079008_10_47,2010,12,18.0,V,24.0,V,30.0,V,19.0,V,19.0,V,15.0,V,10.0,V,14.0,V,20.0,V,25.0,V,31.0,V,42.0,V,66.0,V,25.0,V,16.0,V,21.0,V,42.0,V,31.0,V,17.0,V,22.0,V,17.0,V,13.0,V,15.0,V,17.0,V,16.0,V,23.0,V,37.0,V,40.0,V,34.0,V,30.0,V,16.0,V,25.032258064516128
458,28,79,18,10,28079018_10_47,2010,1,6.0,V,11.0,V,13.0,V,9.0,V,11.0,V,7.0,V,6.0,V,10.0,V,6.0,V,11.0,V,17.0,V,11.0,V,13.0,V,13.0,V,21.0,V,19.0,V,18.0,V,20.0,V,14.0,V,10.0,V,35.0,V,47.0,V,20.0,V,13.0,V,7.0,V,10.0,V,14.0,V,21.0,V,20.0,V,6.0,V,7.0,V,14.774193548387096
459,28,79,18,10,28079018_10_47,2010,2,16.0,V,28.0,V,33.0,V,26.0,V,12.0,V,9.0,V,16.0,V,9.0,V,10.0,V,15.0,V,11.0,V,15.0,V,12.0,V,14.0,V,13.0,V,12.0,V,11.0,V,15.0,V,15.0,V,8.0,V,11.0,V,9.0,V,9.0,V,13.0,V,12.0,V,17.0,V,17.0,V,10.0,V,0.0,N,0.0,N,0.0,N,14.678571428571429
460,28,79,18,10,28079018_10_47,2010,3,11.0,V,12.0,V,10.0,V,16.0,V,10.0,V,7.0,V,9.0,V,8.0,V,15.0,V,17.0,V,23.0,V,15.0,V,19.0,V,10.0,V,29.0,V,27.0,V,28.0,V,45.0,V,56.0,V,103.0,V,71.0,V,39.0,V,32.0,V,34.0,V,11.0,V,10.0,V,9.0,V,15.0,V,17.0,V,14.0,V,11.0,V,24.096774193548388
461,28,79,18,10,28079018_10_47,2010,4,9.0,V,14.0,V,11.0,V,9.0,V,15.0,V,26.0,V,17.0,V,17.0,V,19.0,V,18.0,V,15.0,V,28.0,V,14.0,V,12.0,V,14.0,V,17.0,V,10.0,V,9.0,V,12.0,V,20.0,V,23.0,V,12.0,V,18.0,V,20.0,V,23.0,V,23.0,V,30.0,V,28.0,V,30.0,V,25.0,V,0.0,N,18.433333333333334
462,28,79,18,10,28079018_10_47,2010,5,17.0,V,12.0,V,14.0,V,18.0,V,15.0,V,18.0,V,23.0,V,20.0,V,13.0,V,10.0,V,16.0,V,11.0,V,13.0,V,13.0,V,11.0,V,16.0,V,27.0,V,24.0,V,19.0,V,28.0,V,30.0,V,28.0,V,28.0,V,25.0,V,26.0,V,19.0,V,24.0,V,19.0,V,15.0,V,17.0,V,20.0,V,19.516129032258064
463,28,79,18,10,28079018_10_47,2010,6,18.0,V,16.0,V,18.0,V,21.0,V,28.0,V,19.0,V,24.0,V,18.0,V,8.0,V,14.0,V,15.0,V,10.0,V,9.0,V,16.0,V,9.0,V,13.0,V,16.0,V,23.0,V,14.0,V,11.0,V,14.0,V,22.0,V,22.0,V,29.0,V,24.0,V,15.0,V,19.0,V,23.0,V,20.0,V,22.0,V,0.0,N,18.233333333333334
464,28,79,18,10,28079018_10_47,2010,7,28.0,V,29.0,V,18.0,V,19.0,V,20.0,V,20.0,V,30.0,V,43.0,V,32.0,V,29.0,V,32.0,V,27.0,V,23.0,V,16.0,V,18.0,V,27.0,V,25.0,V,28.0,V,33.0,V,30.0,V,21.0,V,19.0,V,15.0,V,21.0,V,15.0,V,17.0,V,24.0,V,30.0,V,26.0,V,15.0,V,28.0,V,25.032258064516128
465,28,79,18,10,28079018_10_47,2010,8,29.0,V,37.0,V,10.0,V,13.0,V,11.0,V,26.0,V,30.0,V,37.0,V,57.0,V,89.0,V,55.0,V,33.0,V,14.0,V,8.0,V,17.0,V,23.0,V,18.0,V,22.0,V,33.0,V,21.0,V,18.0,V,17.0,V,18.0,V,16.0,V,23.0,V,34.0,V,24.0,V,27.0,V,21.0,V,22.0,V,45.0,V,27.967741935483872
466,28,79,18,10,28079018_10_47,2010,9,40.0,V,24.0,V,20.0,V,30.0,V,33.0,V,31.0,V,22.0,V,14.0,V,23.0,V,33.0,V,36.0,V,38.0,V,30.0,V,31.0,V,39.0,V,32.0,V,17.0,V,13.0,V,17.0,V,27.0,V,25.0,V,32.0,V,38.0,V,11.0,V,10.0,V,13.0,V,23.0,V,29.0,V,21.0,V,32.0,V,0.0,N,26.8
467,28,79,18,10,28079018_10_47,2010,10,34.0,V,30.0,V,30.0,V,12.0,V,23.0,V,31.0,V,40.0,V,29.0,V,21.0,V,10.0,V,18.0,V,13.0,V,22.0,V,19.0,V,26.0,V,17.0,V,13.0,V,22.0,V,28.0,V,38.0,V,39.0,V,41.0,V,37.0,V,25.0,V,12.0,V,30.0,V,42.0,V,52.0,V,41.0,V,8.0,V,14.0,V,27.032258064516128
468,28,79,18,10,28079018_10_47,2010,11,12.0,V,26.0,V,33.0,V,28.0,V,30.0,V,22.0,V,9.0,V,17.0,V,13.0,V,17.0,V,19.0,V,32.0,V,21.0,V,16.0,V,14.0,V,14.0,V,13.0,V,14.0,V,29.0,V,12.0,V,12.0,V,12.0,V,28.0,V,25.0,V,17.0,V,14.0,V,13.0,V,20.0,V,17.0,V,12.0,V,0.0,N,19.433333333333334
469,28,79,18,10,28079018_10_47,2010,12,9.0,V,10.0,V,14.0,V,14.0,V,12.0,V,14.0,V,10.0,V,14.0,V,18.0,V,20.0,V,25.0,V,28.0,V,48.0,V,28.0,V,12.0,V,19.0,V,12.0,V,5.0,V,7.0,V,7.0,V,9.0,V,8.0,V,10.0,V,11.0,V,13.0,V,18.0,V,32.0,V,38.0,V,32.0,V,27.0,V,17.0,V,18.193548387096776
590,28,79,24,10,28079024_10_47,2010,1,7.0,V,11.0,V,16.0,V,11.0,V,8.0,V,9.0,V,6.0,V,7.0,V,5.0,V,12.0,V,15.0,V,10.0,V,13.0,V,8.0,V,18.0,V,19.0,V,14.0,V,19.0,V,12.0,V,0.0,N,0.0,N,0.0,N,0.0,N,11.0,V,0.0,N,0.0,N,12.0,V,19.0,V,15.0,V,6.0,V,7.0,V,12.56
591,28,79,24,10,28079024_10_47,2010,2,10.0,V,21.0,V,29.0,V,24.0,V,10.0,V,9.0,V,15.0,V,10.0,V,7.0,V,13.0,V,10.0,V,15.0,V,12.0,V,0.0,N,13.0,V,7.0,V,8.0,V,13.0,V,11.0,V,8.0,V,10.0,V,8.0,V,7.0,V,12.0,V,11.0,V,15.0,V,14.0,V,10.0,V,0.0,N,0.0,N,0.0,N,13.222222222222221
592,28,79,24,10,28079024_10_47,2010,3,8.0,V,13.0,V,0.0,N,10.0,V,10.0,V,6.0,V,10.0,V,8.0,V,13.0,V,18.0,V,23.0,V,13.0,V,17.0,V,12.0,V,0.0,N,0.0,N,24.0,V,44.0,V,52.0,V,99.0,V,0.0,N,36.0,V,28.0,V,38.0,V,0.0,N,8.0,V,10.0,V,15.0,V,13.0,V,9.0,V,8.0,V,21.96153846153846
593,28,79,24,10,28079024_10_47,2010,4,8.0,V,11.0,V,9.0,V,7.0,V,13.0,V,22.0,V,13.0,V,14.0,V,18.0,V,18.0,V,20.0,V,24.0,V,13.0,V,10.0,V,13.0,V,13.0,V,8.0,V,8.0,V,9.0,V,14.0,V,17.0,V,7.0,V,14.0,V,15.0,V,16.0,V,19.0,V,23.0,V,25.0,V,29.0,V,22.0,V,0.0,N,15.966666666666667
594,28,79,24,10,28079024_10_47,2010,5,25.0,V,10.0,V,14.0,V,15.0,V,12.0,V,15.0,V,19.0,V,15.0,V,11.0,V,8.0,V,13.0,V,8.0,V,9.0,V,9.0,V,10.0,V,9.0,V,18.0,V,20.0,V,15.0,V,23.0,V,25.0,V,29.0,V,31.0,V,29.0,V,26.0,V,18.0,V,20.0,V,14.0,V,17.0,V,19.0,V,17.0,V,17.774193548387096
595,28,79,24,10,28079024_10_47,2010,6,17.0,V,16.0,V,22.0,V,20.0,V,25.0,V,16.0,V,20.0,V,15.0,V,6.0,V,9.0,V,9.0,V,7.0,V,7.0,V,12.0,V,7.0,V,8.0,V,14.0,V,16.0,V,16.0,V,14.0,V,13.0,V,16.0,V,17.0,V,26.0,V,18.0,V,14.0,V,15.0,V,23.0,V,21.0,V,23.0,V,0.0,N,16.366666666666667
596,28,79,24,10,28079024_10_47,2010,7,27.0,V,27.0,V,14.0,V,19.0,V,20.0,V,21.0,V,31.0,V,45.0,V,36.0,V,33.0,V,31.0,V,25.0,V,19.0,V,15.0,V,17.0,V,23.0,V,22.0,V,25.0,V,34.0,V,31.0,V,19.0,V,14.0,V,16.0,V,19.0,V,14.0,V,16.0,V,23.0,V,28.0,V,22.0,V,15.0,V,25.0,V,24.387096774193548
597,28,79,24,10,28079024_10_47,2010,8,34.0,V,29.0,V,13.0,V,16.0,V,15.0,V,19.0,V,25.0,V,34.0,V,65.0,V,0.0,N,51.0,V,24.0,V,11.0,V,9.0,V,17.0,V,19.0,V,20.0,V,28.0,V,29.0,V,20.0,V,20.0,V,20.0,V,17.0,V,13.0,V,17.0,V,27.0,V,16.0,V,18.0,V,15.0,V,15.0,V,28.0,V,23.833333333333332
598,28,79,24,10,28079024_10_47,2010,9,26.0,V,18.0,V,15.0,V,0.0,N,0.0,N,0.0,N,17.0,V,10.0,V,19.0,V,21.0,V,29.0,V,26.0,V,26.0,V,26.0,V,33.0,V,27.0,V,14.0,V,13.0,V,15.0,V,21.0,V,24.0,V,25.0,V,36.0,V,8.0,V,10.0,V,11.0,V,18.0,V,20.0,V,22.0,V,25.0,V,0.0,N,21.74074074074074
599,28,79,24,10,28079024_10_47,2010,10,27.0,V,29.0,V,25.0,V,6.0,V,15.0,V,22.0,V,29.0,V,29.0,V,16.0,V,7.0,V,14.0,V,9.0,V,10.0,V,18.0,V,19.0,V,15.0,V,11.0,V,13.0,V,21.0,V,28.0,V,31.0,V,32.0,V,33.0,V,24.0,V,7.0,V,16.0,V,28.0,V,41.0,V,32.0,V,5.0,V,7.0,V,21.032258064516128
600,28,79,24,10,28079024_10_47,2010,11,7.0,V,13.0,V,20.0,V,21.0,V,23.0,V,21.0,V,11.0,V,7.0,V,6.0,V,9.0,V,14.0,V,29.0,V,19.0,V,12.0,V,6.0,V,10.0,V,8.0,V,8.0,V,18.0,V,6.0,V,6.0,V,6.0,V,14.0,V,18.0,V,15.0,V,8.0,V,10.0,V,12.0,V,14.0,V,9.0,V,0.0,N,13.8
601,28,79,24,10,28079024_10_47,2010,12,5.0,V,6.0,V,8.0,V,12.0,V,11.0,V,8.0,V,0.0,N,11.0,V,12.0,V,15.0,V,20.0,V,21.0,V,39.0,V,16.0,V,8.0,V,14.0,V,19.0,V,28.0,V,7.0,V,10.0,V,8.0,V,8.0,V,6.0,V,8.0,V,10.0,V,13.0,V,25.0,V,28.0,V,22.0,V,20.0,V,12.0,V,15.5
902,28,79,36,10,28079036_10_47,2010,1,13.0,V,18.0,V,21.0,V,11.0,V,14.0,V,13.0,V,7.0,V,13.0,V,12.0,V,17.0,V,19.0,V,16.0,V,14.0,V,13.0,V,26.0,V,19.0,V,15.0,V,22.0,V,16.0,V,13.0,V,36.0,V,53.0,V,22.0,V,15.0,V,7.0,V,10.0,V,13.0,V,34.0,V,26.0,V,9.0,V,9.0,V,18.774193548387096
903,28,79,36,10,28079036_10_47,2010,2,18.0,V,26.0,V,30.0,V,28.0,V,13.0,V,13.0,V,22.0,V,14.0,V,11.0,V,16.0,V,12.0,V,18.0,V,12.0,V,11.0,V,16.0,V,9.0,V,10.0,V,14.0,V,16.0,V,12.0,V,11.0,V,10.0,V,11.0,V,15.0,V,13.0,V,19.0,V,17.0,V,8.0,V,0.0,N,0.0,N,0.0,N,16.5
904,28,79,36,10,28079036_10_47,2010,3,10.0,V,14.0,V,11.0,V,17.0,V,9.0,V,6.0,V,9.0,V,7.0,V,12.0,V,15.0,V,16.0,V,15.0,V,17.0,V,10.0,V,23.0,V,24.0,V,25.0,V,52.0,V,59.0,V,122.0,V,73.0,V,41.0,V,30.0,V,36.0,V,15.0,V,14.0,V,14.0,V,19.0,V,25.0,V,15.0,V,13.0,V,26.0
905,28,79,36,10,28079036_10_47,2010,4,10.0,V,13.0,V,13.0,V,11.0,V,16.0,V,29.0,V,22.0,V,14.0,V,20.0,V,19.0,V,15.0,V,28.0,V,17.0,V,12.0,V,18.0,V,20.0,V,11.0,V,12.0,V,16.0,V,19.0,V,23.0,V,14.0,V,23.0,V,22.0,V,22.0,V,23.0,V,29.0,V,29.0,V,29.0,V,25.0,V,0.0,N,20.433333333333334
906,28,79,36,10,28079036_10_47,2010,5,19.0,V,10.0,V,17.0,V,19.0,V,17.0,V,21.0,V,24.0,V,22.0,V,14.0,V,12.0,V,23.0,V,15.0,V,15.0,V,18.0,V,10.0,V,10.0,V,19.0,V,20.0,V,19.0,V,29.0,V,27.0,V,27.0,V,28.0,V,25.0,V,27.0,V,21.0,V,25.0,V,20.0,V,16.0,V,16.0,V,22.0,V,20.870967741935484
907,28,79,36,10,28079036_10_47,2010,6,26.0,V,18.0,V,19.0,V,24.0,V,28.0,V,19.0,V,25.0,V,22.0,V,10.0,V,16.0,V,14.0,V,12.0,V,10.0,V,16.0,V,8.0,V,13.0,V,17.0,V,25.0,V,13.0,V,10.0,V,15.0,V,20.0,V,22.0,V,30.0,V,32.0,V,20.0,V,17.0,V,26.0,V,21.0,V,24.0,V,0.0,N,20.433333333333334
908,28,79,36,10,28079036_10_47,2010,7,31.0,V,36.0,V,20.0,V,22.0,V,25.0,V,24.0,V,32.0,V,51.0,V,39.0,V,39.0,V,34.0,V,33.0,V,29.0,V,21.0,V,19.0,V,32.0,V,29.0,V,31.0,V,36.0,V,34.0,V,25.0,V,23.0,V,16.0,V,24.0,V,18.0,V,18.0,V,25.0,V,35.0,V,30.0,V,19.0,V,33.0,V,29.838709677419356
909,28,79,36,10,28079036_10_47,2010,8,36.0,V,43.0,V,14.0,V,16.0,V,13.0,V,22.0,V,33.0,V,40.0,V,67.0,V,104.0,V,63.0,V,38.0,V,15.0,V,8.0,V,18.0,V,28.0,V,21.0,V,28.0,V,38.0,V,23.0,V,22.0,V,21.0,V,24.0,V,21.0,V,21.0,V,31.0,V,21.0,V,26.0,V,16.0,V,19.0,V,37.0,V,31.29032258064516
910,28,79,36,10,28079036_10_47,2010,9,34.0,V,25.0,V,24.0,V,30.0,V,30.0,V,33.0,V,27.0,V,12.0,V,24.0,V,24.0,V,28.0,V,30.0,V,27.0,V,30.0,V,43.0,V,39.0,V,19.0,V,15.0,V,16.0,V,28.0,V,27.0,V,36.0,V,47.0,V,11.0,V,8.0,V,10.0,V,20.0,V,27.0,V,21.0,V,38.0,V,0.0,N,27.566666666666666
911,28,79,36,10,28079036_10_47,2010,10,36.0,V,32.0,V,31.0,V,9.0,V,26.0,V,33.0,V,41.0,V,26.0,V,19.0,V,11.0,V,18.0,V,12.0,V,21.0,V,27.0,V,28.0,V,16.0,V,11.0,V,17.0,V,36.0,V,31.0,V,35.0,V,42.0,V,41.0,V,30.0,V,10.0,V,36.0,V,41.0,V,53.0,V,47.0,V,9.0,V,10.0,V,28.387096774193548
912,28,79,36,10,28079036_10_47,2010,11,10.0,V,18.0,V,42.0,V,28.0,V,26.0,V,23.0,V,14.0,V,15.0,V,10.0,V,12.0,V,22.0,V,33.0,V,19.0,V,13.0,V,10.0,V,15.0,V,11.0,V,19.0,V,26.0,V,12.0,V,10.0,V,14.0,V,27.0,V,30.0,V,27.0,V,17.0,V,16.0,V,20.0,V,20.0,V,13.0,V,0.0,N,20.6
913,28,79,36,10,28079036_10_47,2010,12,13.0,V,15.0,V,24.0,V,20.0,V,13.0,V,11.0,V,9.0,V,16.0,V,20.0,V,27.0,V,27.0,V,33.0,V,64.0,V,22.0,V,9.0,V,17.0,V,41.0,V,32.0,V,14.0,V,16.0,V,12.0,V,10.0,V,11.0,V,14.0,V,15.0,V,23.0,V,34.0,V,40.0,V,33.0,V,32.0,V,19.0,V,23.64516129032258
974,28,79,38,10,28079038_10_47,2010,1,11.0,V,16.0,V,20.0,V,11.0,V,16.0,V,11.0,V,8.0,V,20.0,V,13.0,V,18.0,V,20.0,V,16.0,V,20.0,V,16.0,V,31.0,V,26.0,V,20.0,V,30.0,V,23.0,V,22.0,V,37.0,V,62.0,V,21.0,V,20.0,V,16.0,V,21.0,V,27.0,V,35.0,V,25.0,V,12.0,V,13.0,V,22.741935483870968
975,28,79,38,10,28079038_10_47,2010,2,22.0,V,36.0,V,41.0,V,34.0,V,16.0,V,14.0,V,26.0,V,15.0,V,15.0,V,20.0,V,18.0,V,22.0,V,18.0,V,15.0,V,24.0,V,17.0,V,14.0,V,24.0,V,22.0,V,13.0,V,14.0,V,12.0,V,12.0,V,17.0,V,15.0,V,22.0,V,19.0,V,12.0,V,0.0,N,0.0,N,0.0,N,21.357142857142858
976,28,79,38,10,28079038_10_47,2010,3,14.0,V,19.0,V,13.0,V,19.0,V,18.0,V,10.0,V,13.0,V,17.0,V,25.0,V,29.0,V,31.0,V,26.0,V,23.0,V,17.0,V,32.0,V,29.0,V,34.0,V,62.0,V,73.0,V,140.0,V,85.0,V,50.0,V,36.0,V,48.0,V,16.0,V,17.0,V,16.0,V,20.0,V,20.0,V,15.0,V,13.0,V,33.225806451612904
977,28,79,38,10,28079038_10_47,2010,4,10.0,V,13.0,V,13.0,V,12.0,V,19.0,V,30.0,V,24.0,V,23.0,V,27.0,V,22.0,V,23.0,V,37.0,V,20.0,V,18.0,V,18.0,V,20.0,V,13.0,V,12.0,V,18.0,V,23.0,V,31.0,V,17.0,V,26.0,V,24.0,V,23.0,V,25.0,V,36.0,V,33.0,V,33.0,V,29.0,V,0.0,N,24.1
978,28,79,38,10,28079038_10_47,2010,5,19.0,V,14.0,V,27.0,V,27.0,V,20.0,V,22.0,V,27.0,V,27.0,V,19.0,V,16.0,V,24.0,V,17.0,V,21.0,V,23.0,V,12.0,V,11.0,V,24.0,V,28.0,V,23.0,V,30.0,V,33.0,V,28.0,V,33.0,V,32.0,V,31.0,V,22.0,V,25.0,V,25.0,V,19.0,V,21.0,V,22.0,V,24.967741935483872
979,28,79,38,10,28079038_10_47,2010,6,21.0,V,21.0,V,18.0,V,26.0,V,30.0,V,25.0,V,27.0,V,25.0,V,13.0,V,17.0,V,18.0,V,14.0,V,14.0,V,23.0,V,18.0,V,18.0,V,22.0,V,27.0,V,17.0,V,13.0,V,19.0,V,25.0,V,28.0,V,34.0,V,30.0,V,20.0,V,23.0,V,31.0,V,30.0,V,29.0,V,0.0,N,24.3
980,28,79,38,10,28079038_10_47,2010,7,35.0,V,37.0,V,24.0,V,21.0,V,25.0,V,24.0,V,34.0,V,52.0,V,39.0,V,33.0,V,32.0,V,30.0,V,29.0,V,21.0,V,23.0,V,38.0,V,31.0,V,29.0,V,37.0,V,34.0,V,27.0,V,25.0,V,20.0,V,25.0,V,19.0,V,23.0,V,31.0,V,47.0,V,42.0,V,27.0,V,40.0,V,32.516129032258064
981,28,79,38,10,28079038_10_47,2010,8,42.0,V,58.0,V,33.0,V,28.0,V,24.0,V,33.0,V,41.0,V,48.0,V,80.0,V,117.0,V,67.0,V,45.0,V,20.0,V,10.0,V,23.0,V,34.0,V,26.0,V,34.0,V,45.0,V,27.0,V,24.0,V,23.0,V,25.0,V,24.0,V,27.0,V,40.0,V,22.0,V,30.0,V,24.0,V,21.0,V,48.0,V,38.645161290322584
982,28,79,38,10,28079038_10_47,2010,9,47.0,V,31.0,V,30.0,V,33.0,V,36.0,V,43.0,V,39.0,V,15.0,V,33.0,V,35.0,V,41.0,V,53.0,V,34.0,V,41.0,V,46.0,V,43.0,V,23.0,V,18.0,V,19.0,V,37.0,V,38.0,V,41.0,V,55.0,V,17.0,V,14.0,V,14.0,V,28.0,V,30.0,V,31.0,V,43.0,V,0.0,N,35.46666666666667
983,28,79,38,10,28079038_10_47,2010,10,40.0,V,41.0,V,32.0,V,14.0,V,27.0,V,38.0,V,46.0,V,34.0,V,22.0,V,15.0,V,25.0,V,15.0,V,21.0,V,25.0,V,27.0,V,16.0,V,14.0,V,23.0,V,33.0,V,50.0,V,47.0,V,49.0,V,45.0,V,31.0,V,19.0,V,38.0,V,45.0,V,61.0,V,43.0,V,6.0,V,9.0,V,32.516129032258064
984,28,79,38,10,28079038_10_47,2010,11,14.0,V,25.0,V,42.0,V,35.0,V,34.0,V,26.0,V,12.0,V,10.0,V,11.0,V,19.0,V,22.0,V,44.0,V,25.0,V,15.0,V,13.0,V,17.0,V,11.0,V,16.0,V,28.0,V,9.0,V,8.0,V,13.0,V,20.0,V,26.0,V,21.0,V,14.0,V,14.0,V,18.0,V,22.0,V,16.0,V,0.0,N,21.933333333333334
985,28,79,38,10,28079038_10_47,2010,12,10.0,V,13.0,V,24.0,V,18.0,V,17.0,V,12.0,V,10.0,V,13.0,V,22.0,V,28.0,V,31.0,V,37.0,V,62.0,V,25.0,V,16.0,V,13.0,V,28.0,V,32.0,V,15.0,V,15.0,V,12.0,V,9.0,V,13.0,V,13.0,V,17.0,V,21.0,V,39.0,V,41.0,V,41.0,V,27.0,V,17.0,V,24.193548387096776
1130,28,79,40,10,28079040_10_47,2010,1,13.0,V,13.0,V,12.0,V,7.0,V,11.0,V,14.0,V,5.0,V,12.0,V,9.0,V,13.0,V,14.0,V,13.0,V,11.0,V,10.0,V,21.0,V,17.0,V,10.0,V,18.0,V,14.0,V,13.0,V,28.0,V,41.0,V,18.0,V,11.0,V,5.0,V,8.0,V,11.0,V,25.0,V,19.0,V,7.0,V,7.0,V,15.806451612903226
1131,28,79,40,10,28079040_10_47,2010,2,11.0,V,19.0,V,23.0,V,26.0,V,11.0,V,10.0,V,16.0,V,13.0,V,9.0,V,12.0,V,11.0,V,16.0,V,9.0,V,7.0,V,12.0,V,9.0,V,9.0,V,10.0,V,14.0,V,10.0,V,9.0,V,11.0,V,11.0,V,14.0,V,13.0,V,19.0,V,16.0,V,9.0,V,0.0,N,0.0,N,0.0,N,15.0
1132,28,79,40,10,28079040_10_47,2010,3,12.0,V,13.0,V,11.0,V,18.0,V,10.0,V,6.0,V,10.0,V,8.0,V,15.0,V,17.0,V,12.0,V,9.0,V,12.0,V,8.0,V,21.0,V,16.0,V,19.0,V,45.0,V,54.0,V,107.0,V,58.0,V,33.0,V,24.0,V,29.0,V,10.0,V,13.0,V,14.0,V,17.0,V,21.0,V,15.0,V,13.0,V,23.612903225806452
1133,28,79,40,10,28079040_10_47,2010,4,9.0,V,13.0,V,12.0,V,10.0,V,13.0,V,26.0,V,24.0,V,15.0,V,20.0,V,21.0,V,15.0,V,32.0,V,15.0,V,12.0,V,15.0,V,17.0,V,11.0,V,10.0,V,14.0,V,19.0,V,22.0,V,16.0,V,23.0,V,22.0,V,20.0,V,23.0,V,29.0,V,27.0,V,32.0,V,27.0,V,0.0,N,20.9
1134,28,79,40,10,28079040_10_47,2010,5,18.0,V,11.0,V,24.0,V,22.0,V,16.0,V,23.0,V,24.0,V,21.0,V,14.0,V,15.0,V,23.0,V,15.0,V,14.0,V,15.0,V,9.0,V,10.0,V,19.0,V,20.0,V,20.0,V,26.0,V,25.0,V,25.0,V,30.0,V,25.0,V,28.0,V,21.0,V,23.0,V,20.0,V,16.0,V,15.0,V,18.0,V,21.580645161290324
1135,28,79,40,10,28079040_10_47,2010,6,21.0,V,22.0,V,17.0,V,20.0,V,29.0,V,22.0,V,24.0,V,23.0,V,11.0,V,15.0,V,15.0,V,12.0,V,12.0,V,16.0,V,11.0,V,13.0,V,16.0,V,24.0,V,14.0,V,10.0,V,14.0,V,20.0,V,21.0,V,27.0,V,30.0,V,18.0,V,18.0,V,24.0,V,20.0,V,19.0,V,0.0,N,20.766666666666666
1136,28,79,40,10,28079040_10_47,2010,7,31.0,V,34.0,V,21.0,V,21.0,V,22.0,V,21.0,V,33.0,V,56.0,V,38.0,V,33.0,V,36.0,V,32.0,V,27.0,V,20.0,V,19.0,V,30.0,V,25.0,V,29.0,V,38.0,V,29.0,V,24.0,V,22.0,V,16.0,V,27.0,V,15.0,V,17.0,V,20.0,V,33.0,V,31.0,V,0.0,N,0.0,N,29.862068965517242
1137,28,79,40,10,28079040_10_47,2010,8,0.0,N,0.0,N,15.0,V,19.0,V,19.0,V,25.0,V,41.0,V,43.0,V,68.0,V,108.0,V,62.0,V,42.0,V,16.0,V,9.0,V,21.0,V,30.0,V,22.0,V,31.0,V,40.0,V,24.0,V,22.0,V,25.0,V,26.0,V,23.0,V,21.0,V,35.0,V,23.0,V,26.0,V,17.0,V,21.0,V,38.0,V,33.758620689655174
1138,28,79,40,10,28079040_10_47,2010,9,41.0,V,22.0,V,19.0,V,22.0,V,25.0,V,29.0,V,23.0,V,11.0,V,22.0,V,24.0,V,29.0,V,32.0,V,28.0,V,27.0,V,39.0,V,39.0,V,23.0,V,14.0,V,16.0,V,31.0,V,26.0,V,37.0,V,49.0,V,14.0,V,9.0,V,10.0,V,24.0,V,30.0,V,18.0,V,41.0,V,0.0,N,28.066666666666666
1139,28,79,40,10,28079040_10_47,2010,10,34.0,V,32.0,V,36.0,V,12.0,V,26.0,V,32.0,V,44.0,V,30.0,V,22.0,V,14.0,V,21.0,V,13.0,V,23.0,V,22.0,V,21.0,V,15.0,V,11.0,V,17.0,V,30.0,V,31.0,V,32.0,V,40.0,V,39.0,V,29.0,V,13.0,V,34.0,V,41.0,V,55.0,V,46.0,V,10.0,V,11.0,V,29.193548387096776
1140,28,79,40,10,28079040_10_47,2010,11,10.0,V,18.0,V,41.0,V,28.0,V,23.0,V,21.0,V,13.0,V,17.0,V,13.0,V,16.0,V,28.0,V,32.0,V,21.0,V,14.0,V,14.0,V,17.0,V,15.0,V,19.0,V,24.0,V,12.0,V,13.0,V,12.0,V,21.0,V,19.0,V,19.0,V,10.0,V,8.0,V,16.0,V,17.0,V,11.0,V,0.0,N,20.4
1141,28,79,40,10,28079040_10_47,2010,12,10.0,V,12.0,V,19.0,V,12.0,V,17.0,V,27.0,V,0.0,N,0.0,N,0.0,N,16.0,V,20.0,V,31.0,V,52.0,V,20.0,V,10.0,V,16.0,V,40.0,V,25.0,V,10.0,V,17.0,V,10.0,V,8.0,V,9.0,V,13.0,V,14.0,V,20.0,V,32.0,V,36.0,V,28.0,V,24.0,V,14.0,V,22.607142857142858
1190,28,79,47,10,28079047_10_47,2010,1,11.0,V,17.0,V,20.0,V,13.0,V,14.0,V,12.0,V,9.0,V,15.0,V,10.0,V,17.0,V,19.0,V,17.0,V,16.0,V,11.0,V,30.0,V,21.0,V,18.0,V,27.0,V,17.0,V,11.0,V,40.0,V,54.0,V,27.0,V,15.0,V,14.0,V,17.0,V,22.0,V,30.0,V,37.0,V,18.0,V,8.0,V,21.903225806451612
1191,28,79,47,10,28079047_10_47,2010,2,18.0,V,29.0,V,40.0,V,29.0,V,13.0,V,14.0,V,25.0,V,16.0,V,33.0,V,19.0,V,22.0,V,24.0,V,15.0,V,13.0,V,21.0,V,13.0,V,10.0,V,22.0,V,16.0,V,11.0,V,11.0,V,9.0,V,10.0,V,15.0,V,13.0,V,20.0,V,18.0,V,9.0,V,0.0,N,0.0,N,0.0,N,20.75
1192,28,79,47,10,28079047_10_47,2010,3,12.0,V,21.0,V,12.0,V,19.0,V,14.0,V,7.0,V,11.0,V,13.0,V,19.0,V,22.0,V,22.0,V,20.0,V,22.0,V,13.0,V,36.0,V,36.0,V,34.0,V,56.0,V,63.0,V,127.0,V,73.0,V,43.0,V,36.0,V,35.0,V,12.0,V,12.0,V,12.0,V,19.0,V,23.0,V,12.0,V,12.0,V,30.387096774193548
1193,28,79,47,10,28079047_10_47,2010,4,9.0,V,13.0,V,12.0,V,9.0,V,15.0,V,29.0,V,21.0,V,18.0,V,20.0,V,19.0,V,17.0,V,34.0,V,15.0,V,12.0,V,15.0,V,15.0,V,10.0,V,10.0,V,14.0,V,23.0,V,26.0,V,11.0,V,18.0,V,20.0,V,18.0,V,23.0,V,31.0,V,28.0,V,30.0,V,26.0,V,0.0,N,21.2
1194,28,79,47,10,28079047_10_47,2010,5,16.0,V,13.0,V,30.0,V,29.0,V,18.0,V,19.0,V,24.0,V,23.0,V,18.0,V,15.0,V,22.0,V,13.0,V,15.0,V,14.0,V,8.0,V,10.0,V,21.0,V,24.0,V,21.0,V,31.0,V,34.0,V,27.0,V,27.0,V,28.0,V,25.0,V,22.0,V,27.0,V,20.0,V,16.0,V,17.0,V,19.0,V,23.29032258064516
1195,28,79,47,10,28079047_10_47,2010,6,20.0,V,19.0,V,16.0,V,21.0,V,29.0,V,19.0,V,30.0,V,21.0,V,8.0,V,13.0,V,12.0,V,10.0,V,13.0,V,17.0,V,13.0,V,15.0,V,18.0,V,24.0,V,15.0,V,12.0,V,18.0,V,22.0,V,28.0,V,29.0,V,24.0,V,13.0,V,16.0,V,25.0,V,26.0,V,24.0,V,0.0,N,21.566666666666666
1196,28,79,47,10,28079047_10_47,2010,7,32.0,V,34.0,V,16.0,V,23.0,V,23.0,V,24.0,V,35.0,V,56.0,V,37.0,V,34.0,V,31.0,V,29.0,V,26.0,V,19.0,V,20.0,V,30.0,V,25.0,V,26.0,V,36.0,V,34.0,V,22.0,V,17.0,V,19.0,V,21.0,V,13.0,V,19.0,V,27.0,V,34.0,V,27.0,V,22.0,V,32.0,V,29.70967741935484
1197,28,79,47,10,28079047_10_47,2010,8,35.0,V,36.0,V,16.0,V,18.0,V,20.0,V,26.0,V,26.0,V,35.0,V,69.0,V,103.0,V,67.0,V,35.0,V,17.0,V,9.0,V,12.0,V,21.0,V,21.0,V,32.0,V,34.0,V,28.0,V,26.0,V,23.0,V,25.0,V,19.0,V,30.0,V,43.0,V,23.0,V,21.0,V,15.0,V,22.0,V,37.0,V,33.0
1198,28,79,47,10,28079047_10_47,2010,9,35.0,V,25.0,V,23.0,V,28.0,V,32.0,V,40.0,V,25.0,V,12.0,V,22.0,V,32.0,V,32.0,V,31.0,V,27.0,V,29.0,V,40.0,V,29.0,V,16.0,V,13.0,V,20.0,V,25.0,V,29.0,V,33.0,V,46.0,V,13.0,V,10.0,V,9.0,V,21.0,V,36.0,V,23.0,V,33.0,V,0.0,N,28.966666666666665
1199,28,79,47,10,28079047_10_47,2010,10,36.0,V,36.0,V,24.0,V,9.0,V,28.0,V,33.0,V,34.0,V,28.0,V,16.0,V,9.0,V,17.0,V,10.0,V,17.0,V,25.0,V,24.0,V,17.0,V,11.0,V,19.0,V,38.0,V,50.0,V,46.0,V,42.0,V,39.0,V,26.0,V,15.0,V,32.0,V,56.0,V,69.0,V,41.0,V,6.0,V,7.0,V,30.35483870967742
1200,28,79,47,10,28079047_10_47,2010,11,8.0,V,22.0,V,44.0,V,36.0,V,40.0,V,27.0,V,12.0,V,12.0,V,8.0,V,12.0,V,22.0,V,37.0,V,25.0,V,11.0,V,8.0,V,17.0,V,8.0,V,12.0,V,24.0,V,8.0,V,7.0,V,9.0,V,22.0,V,30.0,V,29.0,V,16.0,V,13.0,V,20.0,V,19.0,V,11.0,V,0.0,N,21.7
1201,28,79,47,10,28079047_10_47,2010,12,9.0,V,10.0,V,13.0,V,17.0,V,15.0,V,11.0,V,8.0,V,11.0,V,17.0,V,19.0,V,25.0,V,33.0,V,40.0,V,26.0,V,15.0,V,19.0,V,44.0,V,29.0,V,10.0,V,16.0,V,12.0,V,9.0,V,8.0,V,9.0,V,15.0,V,18.0,V,35.0,V,43.0,V,40.0,V,28.0,V,14.0,V,22.612903225806452
1235,28,79,48,10,28079048_10_47,2010,6,20.0,V,22.0,V,16.0,V,26.0,V,29.0,V,19.0,V,26.0,V,21.0,V,10.0,V,14.0,V,16.0,V,10.0,V,8.0,V,14.0,V,10.0,V,13.0,V,18.0,V,23.0,V,13.0,V,10.0,V,17.0,V,23.0,V,26.0,V,32.0,V,27.0,V,13.0,V,13.0,V,22.0,V,21.0,V,22.0,V,0.0,N,21.266666666666666
1236,28,79,48,10,28079048_10_47,2010,7,30.0,V,32.0,V,16.0,V,18.0,V,22.0,V,22.0,V,32.0,V,54.0,V,41.0,V,34.0,V,30.0,V,32.0,V,26.0,V,20.0,V,20.0,V,30.0,V,26.0,V,28.0,V,39.0,V,37.0,V,27.0,V,22.0,V,16.0,V,18.0,V,11.0,V,16.0,V,24.0,V,35.0,V,29.0,V,17.0,V,34.0,V,29.774193548387096
1237,28,79,48,10,28079048_10_47,2010,8,35.0,V,40.0,V,16.0,V,17.0,V,16.0,V,22.0,V,31.0,V,39.0,V,74.0,V,108.0,V,72.0,V,38.0,V,17.0,V,11.0,V,16.0,V,32.0,V,27.0,V,38.0,V,46.0,V,26.0,V,25.0,V,23.0,V,24.0,V,24.0,V,26.0,V,38.0,V,25.0,V,24.0,V,19.0,V,21.0,V,41.0,V,35.38709677419355
1238,28,79,48,10,28079048_10_47,2010,9,41.0,V,31.0,V,26.0,V,32.0,V,32.0,V,40.0,V,27.0,V,13.0,V,28.0,V,29.0,V,33.0,V,35.0,V,31.0,V,30.0,V,42.0,V,39.0,V,18.0,V,12.0,V,14.0,V,27.0,V,26.0,V,30.0,V,49.0,V,17.0,V,11.0,V,9.0,V,22.0,V,26.0,V,19.0,V,33.0,V,0.0,N,30.3
1239,28,79,48,10,28079048_10_47,2010,10,35.0,V,43.0,V,31.0,V,9.0,V,20.0,V,28.0,V,36.0,V,29.0,V,20.0,V,9.0,V,16.0,V,9.0,V,14.0,V,16.0,V,20.0,V,14.0,V,8.0,V,14.0,V,25.0,V,39.0,V,36.0,V,39.0,V,33.0,V,24.0,V,11.0,V,28.0,V,35.0,V,50.0,V,49.0,V,10.0,V,11.0,V,27.387096774193548
1240,28,79,48,10,28079048_10_47,2010,11,12.0,V,21.0,V,38.0,V,27.0,V,31.0,V,28.0,V,10.0,V,20.0,V,11.0,V,19.0,V,29.0,V,36.0,V,26.0,V,16.0,V,13.0,V,16.0,V,15.0,V,17.0,V,27.0,V,12.0,V,12.0,V,12.0,V,23.0,V,18.0,V,17.0,V,10.0,V,11.0,V,15.0,V,18.0,V,14.0,V,0.0,N,22.1
1241,28,79,48,10,28079048_10_47,2010,12,13.0,V,14.0,V,18.0,V,13.0,V,22.0,V,21.0,V,13.0,V,16.0,V,15.0,V,25.0,V,23.0,V,37.0,V,63.0,V,16.0,V,9.0,V,8.0,V,24.0,V,24.0,V,10.0,V,14.0,V,14.0,V,9.0,V,9.0,V,10.0,V,7.0,V,16.0,V,29.0,V,31.0,V,22.0,V,22.0,V,14.0,V,21.64516129032258
1330,28,79,50,10,28079050_10_47,2010,2,0.0,N,0.0,N,0.0,N,0.0,N,0.0,N,0.0,N,0.0,N,16.0,V,16.0,V,18.0,V,16.0,V,19.0,V,11.0,V,12.0,V,12.0,V,8.0,V,12.0,V,15.0,V,19.0,V,15.0,V,11.0,V,12.0,V,12.0,V,17.0,V,14.0,V,27.0,V,16.0,V,11.0,V,0.0,N,0.0,N,0.0,N,19.047619047619047
1331,28,79,50,10,28079050_10_47,2010,3,16.0,V,14.0,V,16.0,V,25.0,V,11.0,V,6.0,V,12.0,V,13.0,V,19.0,V,21.0,V,23.0,V,22.0,V,19.0,V,11.0,V,26.0,V,23.0,V,28.0,V,52.0,V,0.0,N,0.0,N,73.0,V,0.0,N,0.0,N,45.0,V,17.0,V,18.0,V,17.0,V,20.0,V,23.0,V,17.0,V,17.0,V,25.77777777777778
1332,28,79,50,10,28079050_10_47,2010,4,10.0,V,14.0,V,14.0,V,11.0,V,13.0,V,28.0,V,20.0,V,16.0,V,19.0,V,18.0,V,18.0,V,24.0,V,12.0,V,11.0,V,14.0,V,17.0,V,11.0,V,14.0,V,25.0,V,19.0,V,24.0,V,23.0,V,25.0,V,21.0,V,21.0,V,24.0,V,28.0,V,28.0,V,34.0,V,29.0,V,0.0,N,22.6
1333,28,79,50,10,28079050_10_47,2010,5,18.0,V,14.0,V,22.0,V,26.0,V,20.0,V,23.0,V,29.0,V,25.0,V,15.0,V,18.0,V,25.0,V,18.0,V,17.0,V,16.0,V,10.0,V,11.0,V,20.0,V,24.0,V,20.0,V,30.0,V,33.0,V,29.0,V,29.0,V,27.0,V,33.0,V,26.0,V,25.0,V,20.0,V,18.0,V,19.0,V,22.0,V,25.032258064516128
1334,28,79,50,10,28079050_10_47,2010,6,22.0,V,20.0,V,20.0,V,26.0,V,33.0,V,22.0,V,27.0,V,25.0,V,12.0,V,19.0,V,19.0,V,11.0,V,10.0,V,19.0,V,14.0,V,18.0,V,20.0,V,24.0,V,15.0,V,11.0,V,18.0,V,22.0,V,26.0,V,30.0,V,26.0,V,17.0,V,19.0,V,24.0,V,25.0,V,27.0,V,0.0,N,23.866666666666667
1335,28,79,50,10,28079050_10_47,2010,7,35.0,V,33.0,V,18.0,V,20.0,V,26.0,V,26.0,V,34.0,V,55.0,V,45.0,V,37.0,V,34.0,V,30.0,V,29.0,V,22.0,V,0.0,N,0.0,N,0.0,N,0.0,N,0.0,N,0.0,N,0.0,N,0.0,N,0.0,N,0.0,N,0.0,N,0.0,N,0.0,N,0.0,N,0.0,N,0.0,N,0.0,N,38.57142857142857
1336,28,79,50,10,28079050_10_47,2010,8,0.0,N,0.0,N,0.0,N,0.0,N,0.0,N,0.0,N,0.0,N,0.0,N,0.0,N,0.0,N,0.0,N,0.0,N,0.0,N,0.0,N,0.0,N,0.0,N,0.0,N,36.0,V,33.0,V,26.0,V,24.0,V,25.0,V,23.0,V,22.0,V,24.0,V,40.0,V,24.0,V,24.0,V,14.0,V,19.0,V,36.0,V,33.357142857142854
1337,28,79,50,10,28079050_10_47,2010,9,32.0,V,27.0,V,26.0,V,30.0,V,31.0,V,37.0,V,19.0,V,17.0,V,22.0,V,29.0,V,30.0,V,30.0,V,27.0,V,28.0,V,38.0,V,36.0,V,21.0,V,14.0,V,19.0,V,25.0,V,30.0,V,33.0,V,48.0,V,16.0,V,10.0,V,11.0,V,22.0,V,24.0,V,20.0,V,30.0,V,0.0,N,29.333333333333332
1338,28,79,50,10,28079050_10_47,2010,10,31.0,V,30.0,V,23.0,V,13.0,V,22.0,V,27.0,V,33.0,V,32.0,V,16.0,V,12.0,V,19.0,V,10.0,V,23.0,V,22.0,V,20.0,V,13.0,V,9.0,V,15.0,V,31.0,V,35.0,V,34.0,V,39.0,V,35.0,V,26.0,V,12.0,V,30.0,V,33.0,V,48.0,V,43.0,V,9.0,V,12.0,V,27.612903225806452
1339,28,79,50,10,28079050_10_47,2010,11,10.0,V,23.0,V,46.0,V,26.0,V,30.0,V,29.0,V,18.0,V,14.0,V,12.0,V,21.0,V,27.0,V,40.0,V,31.0,V,19.0,V,19.0,V,22.0,V,17.0,V,24.0,V,31.0,V,15.0,V,14.0,V,21.0,V,27.0,V,21.0,V,23.0,V,13.0,V,14.0,V,18.0,V,18.0,V,17.0,V,0.0,N,25.333333333333332
1340,28,79,50,10,28079050_10_47,2010,12,16.0,V,23.0,V,0.0,N,17.0,V,19.0,V,14.0,V,13.0,V,20.0,V,16.0,V,25.0,V,28.0,V,39.0,V,67.0,V,21.0,V,12.0,V,22.0,V,42.0,V,29.0,V,13.0,V,24.0,V,17.0,V,13.0,V,16.0,V,17.0,V,12.0,V,23.0,V,35.0,V,41.0,V,32.0,V,25.0,V,16.0,V,26.933333333333334
1424,28,79,55,10,28079055_10_47,2010,1,0.0,N,0.0,N,0.0,N,0.0,N,0.0,N,0.0,N,0.0,N,0.0,N,0.0,N,0.0,N,0.0,N,0.0,N,0.0,N,0.0,N,0.0,N,0.0,N,0.0,N,0.0,N,0.0,N,0.0,N,44.0,V,36.0,V,21.0,V,17.0,V,7.0,V,10.0,V,13.0,V,26.0,V,27.0,V,12.0,V,10.0,V,29.545454545454547
1425,28,79,55,10,28079055_10_47,2010,2,13.0,V,25.0,V,32.0,V,27.0,V,13.0,V,14.0,V,20.0,V,19.0,V,12.0,V,17.0,V,11.0,V,15.0,V,11.0,V,13.0,V,15.0,V,8.0,V,13.0,V,14.0,V,15.0,V,13.0,V,12.0,V,12.0,V,13.0,V,17.0,V,14.0,V,24.0,V,19.0,V,11.0,V,0.0,N,0.0,N,0.0,N,19.464285714285715
1426,28,79,55,10,28079055_10_47,2010,3,15.0,V,14.0,V,14.0,V,26.0,V,11.0,V,6.0,V,12.0,V,8.0,V,14.0,V,17.0,V,21.0,V,17.0,V,19.0,V,12.0,V,27.0,V,25.0,V,28.0,V,48.0,V,52.0,V,97.0,V,70.0,V,41.0,V,28.0,V,37.0,V,13.0,V,12.0,V,14.0,V,18.0,V,24.0,V,14.0,V,11.0,V,28.032258064516128
1427,28,79,55,10,28079055_10_47,2010,4,9.0,V,16.0,V,15.0,V,11.0,V,14.0,V,25.0,V,19.0,V,12.0,V,17.0,V,18.0,V,15.0,V,25.0,V,15.0,V,10.0,V,13.0,V,15.0,V,11.0,V,12.0,V,19.0,V,19.0,V,20.0,V,14.0,V,24.0,V,18.0,V,20.0,V,20.0,V,24.0,V,24.0,V,28.0,V,21.0,V,0.0,N,20.933333333333334
1428,28,79,55,10,28079055_10_47,2010,5,17.0,V,11.0,V,11.0,V,16.0,V,12.0,V,18.0,V,20.0,V,22.0,V,15.0,V,11.0,V,19.0,V,14.0,V,12.0,V,15.0,V,9.0,V,11.0,V,18.0,V,18.0,V,17.0,V,24.0,V,26.0,V,25.0,V,31.0,V,23.0,V,27.0,V,23.0,V,21.0,V,18.0,V,15.0,V,17.0,V,15.0,V,21.193548387096776
1429,28,79,55,10,28079055_10_47,2010,6,18.0,V,14.0,V,18.0,V,28.0,V,29.0,V,30.0,V,21.0,V,24.0,V,11.0,V,17.0,V,14.0,V,14.0,V,12.0,V,15.0,V,10.0,V,13.0,V,15.0,V,22.0,V,10.0,V,11.0,V,15.0,V,19.0,V,20.0,V,27.0,V,34.0,V,20.0,V,17.0,V,25.0,V,22.0,V,22.0,V,0.0,N,22.466666666666665
1430,28,79,55,10,28079055_10_47,2010,7,27.0,V,34.0,V,19.0,V,21.0,V,20.0,V,23.0,V,27.0,V,45.0,V,40.0,V,31.0,V,32.0,V,29.0,V,28.0,V,19.0,V,18.0,V,28.0,V,28.0,V,28.0,V,34.0,V,32.0,V,27.0,V,25.0,V,13.0,V,22.0,V,18.0,V,16.0,V,24.0,V,30.0,V,27.0,V,16.0,V,32.0,V,29.70967741935484
1431,28,79,55,10,28079055_10_47,2010,8,36.0,V,45.0,V,13.0,V,14.0,V,14.0,V,19.0,V,34.0,V,42.0,V,61.0,V,98.0,V,65.0,V,35.0,V,11.0,V,7.0,V,17.0,V,25.0,V,19.0,V,26.0,V,35.0,V,19.0,V,18.0,V,18.0,V,27.0,V,22.0,V,17.0,V,28.0,V,20.0,V,25.0,V,15.0,V,17.0,V,34.0,V,31.774193548387096
1432,28,79,55,10,28079055_10_47,2010,9,38.0,V,20.0,V,18.0,V,23.0,V,24.0,V,27.0,V,20.0,V,9.0,V,21.0,V,20.0,V,22.0,V,26.0,V,19.0,V,22.0,V,33.0,V,30.0,V,17.0,V,11.0,V,13.0,V,22.0,V,22.0,V,26.0,V,30.0,V,9.0,V,7.0,V,7.0,V,17.0,V,19.0,V,15.0,V,24.0,V,0.0,N,24.033333333333335
1433,28,79,55,10,28079055_10_47,2010,10,25.0,V,25.0,V,28.0,V,8.0,V,19.0,V,20.0,V,34.0,V,24.0,V,17.0,V,14.0,V,16.0,V,11.0,V,13.0,V,18.0,V,17.0,V,13.0,V,9.0,V,13.0,V,24.0,V,28.0,V,28.0,V,26.0,V,22.0,V,18.0,V,6.0,V,20.0,V,30.0,V,36.0,V,29.0,V,6.0,V,6.0,V,23.032258064516128
1434,28,79,55,10,28079055_10_47,2010,11,7.0,V,8.0,V,23.0,V,19.0,V,19.0,V,17.0,V,11.0,V,13.0,V,8.0,V,10.0,V,18.0,V,18.0,V,15.0,V,9.0,V,6.0,V,13.0,V,8.0,V,16.0,V,14.0,V,9.0,V,5.0,V,8.0,V,23.0,V,11.0,V,10.0,V,6.0,V,5.0,V,10.0,V,10.0,V,8.0,V,0.0,N,15.633333333333333
1435,28,79,55,10,28079055_10_47,2010,12,6.0,V,10.0,V,10.0,V,7.0,V,10.0,V,17.0,V,8.0,V,11.0,V,10.0,V,20.0,V,10.0,V,17.0,V,32.0,V,12.0,V,6.0,V,14.0,V,21.0,V,21.0,V,11.0,V,14.0,V,11.0,V,8.0,V,10.0,V,11.0,V,12.0,V,22.0,V,28.0,V,30.0,V,24.0,V,25.0,V,16.0,V,18.612903225806452
1628,28,79,57,10,28079057_10_47,2010,1,9.0,V,20.0,V,18.0,V,8.0,V,11.0,V,10.0,V,7.0,V,14.0,V,13.0,V,15.0,V,17.0,V,13.0,V,16.0,V,12.0,V,27.0,V,30.0,V,22.0,V,21.0,V,15.0,V,13.0,V,35.0,V,41.0,V,16.0,V,14.0,V,8.0,V,10.0,V,12.0,V,27.0,V,28.0,V,8.0,V,8.0,V,20.387096774193548
1629,28,79,57,10,28079057_10_47,2010,2,12.0,V,28.0,V,34.0,V,28.0,V,13.0,V,11.0,V,18.0,V,13.0,V,11.0,V,15.0,V,11.0,V,16.0,V,11.0,V,10.0,V,12.0,V,7.0,V,11.0,V,13.0,V,16.0,V,11.0,V,10.0,V,10.0,V,9.0,V,15.0,V,12.0,V,20.0,V,15.0,V,9.0,V,0.0,N,0.0,N,0.0,N,18.428571428571427
1630,28,79,57,10,28079057_10_47,2010,3,12.0,V,9.0,V,10.0,V,18.0,V,10.0,V,6.0,V,9.0,V,8.0,V,12.0,V,15.0,V,16.0,V,16.0,V,16.0,V,9.0,V,18.0,V,20.0,V,25.0,V,49.0,V,53.0,V,106.0,V,70.0,V,38.0,V,24.0,V,36.0,V,11.0,V,12.0,V,14.0,V,14.0,V,21.0,V,14.0,V,13.0,V,26.451612903225808
1631,28,79,57,10,28079057_10_47,2010,4,8.0,V,13.0,V,13.0,V,10.0,V,12.0,V,28.0,V,19.0,V,12.0,V,18.0,V,16.0,V,14.0,V,24.0,V,14.0,V,9.0,V,9.0,V,13.0,V,10.0,V,11.0,V,19.0,V,16.0,V,22.0,V,14.0,V,19.0,V,16.0,V,18.0,V,19.0,V,23.0,V,25.0,V,30.0,V,22.0,V,0.0,N,20.433333333333334
1632,28,79,57,10,28079057_10_47,2010,5,14.0,V,11.0,V,16.0,V,19.0,V,14.0,V,16.0,V,21.0,V,19.0,V,15.0,V,11.0,V,19.0,V,13.0,V,13.0,V,14.0,V,8.0,V,9.0,V,17.0,V,18.0,V,20.0,V,21.0,V,26.0,V,24.0,V,29.0,V,25.0,V,24.0,V,21.0,V,20.0,V,17.0,V,14.0,V,16.0,V,15.0,V,21.193548387096776
1633,28,79,57,10,28079057_10_47,2010,6,16.0,V,14.0,V,14.0,V,18.0,V,25.0,V,20.0,V,20.0,V,19.0,V,10.0,V,12.0,V,14.0,V,11.0,V,11.0,V,13.0,V,9.0,V,12.0,V,14.0,V,20.0,V,11.0,V,9.0,V,14.0,V,19.0,V,17.0,V,24.0,V,27.0,V,14.0,V,13.0,V,22.0,V,20.0,V,18.0,V,0.0,N,19.966666666666665
1634,28,79,57,10,28079057_10_47,2010,7,26.0,V,29.0,V,18.0,V,15.0,V,17.0,V,19.0,V,26.0,V,40.0,V,0.0,N,0.0,N,0.0,N,0.0,N,0.0,N,0.0,N,0.0,N,0.0,N,0.0,N,0.0,N,0.0,N,0.0,N,0.0,N,0.0,N,14.0,V,23.0,V,18.0,V,17.0,V,24.0,V,28.0,V,25.0,V,15.0,V,29.0,V,29.58823529411765
1635,28,79,57,10,28079057_10_47,2010,8,37.0,V,40.0,V,11.0,V,14.0,V,14.0,V,18.0,V,30.0,V,40.0,V,69.0,V,101.0,V,61.0,V,33.0,V,11.0,V,7.0,V,16.0,V,25.0,V,20.0,V,24.0,V,35.0,V,18.0,V,18.0,V,18.0,V,20.0,V,18.0,V,19.0,V,30.0,V,19.0,V,21.0,V,15.0,V,14.0,V,35.0,V,31.35483870967742
1636,28,79,57,10,28079057_10_47,2010,9,35.0,V,22.0,V,19.0,V,24.0,V,27.0,V,30.0,V,23.0,V,10.0,V,19.0,V,23.0,V,26.0,V,28.0,V,22.0,V,23.0,V,29.0,V,35.0,V,15.0,V,12.0,V,12.0,V,25.0,V,22.0,V,27.0,V,35.0,V,10.0,V,8.0,V,7.0,V,17.0,V,23.0,V,16.0,V,29.0,V,0.0,N,25.833333333333332
1637,28,79,57,10,28079057_10_47,2010,10,25.0,V,27.0,V,29.0,V,10.0,V,19.0,V,27.0,V,37.0,V,27.0,V,19.0,V,10.0,V,19.0,V,11.0,V,17.0,V,13.0,V,18.0,V,14.0,V,10.0,V,15.0,V,27.0,V,34.0,V,34.0,V,35.0,V,30.0,V,24.0,V,9.0,V,28.0,V,29.0,V,43.0,V,43.0,V,9.0,V,10.0,V,26.612903225806452
1638,28,79,57,10,28079057_10_47,2010,11,9.0,V,15.0,V,33.0,V,27.0,V,29.0,V,23.0,V,15.0,V,16.0,V,10.0,V,14.0,V,24.0,V,34.0,V,23.0,V,14.0,V,12.0,V,16.0,V,13.0,V,17.0,V,24.0,V,12.0,V,11.0,V,13.0,V,20.0,V,12.0,V,11.0,V,7.0,V,10.0,V,14.0,V,14.0,V,11.0,V,0.0,N,20.9
1639,28,79,57,10,28079057_10_47,2010,12,10.0,V,12.0,V,17.0,V,14.0,V,13.0,V,11.0,V,8.0,V,14.0,V,14.0,V,23.0,V,19.0,V,27.0,V,47.0,V,15.0,V,8.0,V,17.0,V,35.0,V,28.0,V,12.0,V,9.0,V,6.0,V,5.0,V,8.0,V,8.0,V,7.0,V,14.0,V,28.0,V,33.0,V,32.0,V,22.0,V,12.0,V,21.06451612903226
1772,28,79,60,10,28079060_10_47,2010,1,0.0,N,0.0,N,0.0,N,0.0,N,0.0,N,0.0,N,0.0,N,0.0,N,0.0,N,0.0,N,0.0,N,0.0,N,0.0,N,0.0,N,25.0,V,24.0,V,19.0,V,19.0,V,14.0,V,13.0,V,34.0,V,43.0,V,16.0,V,15.0,V,7.0,V,10.0,V,14.0,V,23.0,V,28.0,V,8.0,V,8.0,V,26.235294117647058
1773,28,79,60,10,28079060_10_47,2010,2,13.0,V,32.0,V,41.0,V,29.0,V,13.0,V,10.0,V,19.0,V,12.0,V,11.0,V,14.0,V,14.0,V,15.0,V,11.0,V,13.0,V,14.0,V,7.0,V,10.0,V,11.0,V,12.0,V,7.0,V,8.0,V,8.0,V,8.0,V,11.0,V,9.0,V,12.0,V,14.0,V,8.0,V,0.0,N,0.0,N,0.0,N,18.321428571428573
1774,28,79,60,10,28079060_10_47,2010,3,10.0,V,11.0,V,8.0,V,14.0,V,10.0,V,5.0,V,8.0,V,6.0,V,13.0,V,17.0,V,16.0,V,13.0,V,13.0,V,8.0,V,18.0,V,21.0,V,26.0,V,47.0,V,54.0,V,97.0,V,65.0,V,36.0,V,27.0,V,36.0,V,11.0,V,9.0,V,12.0,V,13.0,V,17.0,V,11.0,V,12.0,V,25.548387096774192
1775,28,79,60,10,28079060_10_47,2010,4,8.0,V,11.0,V,12.0,V,10.0,V,12.0,V,29.0,V,18.0,V,14.0,V,21.0,V,20.0,V,14.0,V,25.0,V,14.0,V,12.0,V,12.0,V,14.0,V,10.0,V,12.0,V,14.0,V,17.0,V,20.0,V,13.0,V,18.0,V,16.0,V,18.0,V,19.0,V,24.0,V,24.0,V,28.0,V,20.0,V,0.0,N,20.933333333333334
1776,28,79,60,10,28079060_10_47,2010,5,16.0,V,11.0,V,11.0,V,13.0,V,13.0,V,16.0,V,19.0,V,18.0,V,13.0,V,10.0,V,18.0,V,19.0,V,12.0,V,15.0,V,8.0,V,9.0,V,18.0,V,20.0,V,18.0,V,21.0,V,27.0,V,23.0,V,27.0,V,25.0,V,24.0,V,19.0,V,23.0,V,19.0,V,15.0,V,17.0,V,16.0,V,21.387096774193548
1777,28,79,60,10,28079060_10_47,2010,6,17.0,V,14.0,V,15.0,V,19.0,V,26.0,V,21.0,V,20.0,V,22.0,V,10.0,V,15.0,V,15.0,V,11.0,V,13.0,V,13.0,V,9.0,V,14.0,V,16.0,V,26.0,V,12.0,V,10.0,V,15.0,V,20.0,V,20.0,V,26.0,V,28.0,V,16.0,V,14.0,V,23.0,V,20.0,V,18.0,V,0.0,N,21.633333333333333
1778,28,79,60,10,28079060_10_47,2010,7,24.0,V,28.0,V,21.0,V,16.0,V,18.0,V,20.0,V,27.0,V,37.0,V,35.0,V,25.0,V,28.0,V,28.0,V,23.0,V,16.0,V,0.0,N,0.0,N,0.0,N,0.0,N,0.0,N,0.0,N,0.0,N,0.0,N,0.0,N,0.0,N,0.0,N,0.0,N,0.0,N,0.0,N,0.0,N,0.0,N,0.0,N,34.142857142857146
1779,28,79,60,10,28079060_10_47,2010,8,0.0,N,0.0,N,0.0,N,0.0,N,0.0,N,0.0,N,0.0,N,0.0,N,0.0,N,0.0,N,0.0,N,0.0,N,0.0,N,0.0,N,0.0,N,0.0,N,20.0,V,28.0,V,38.0,V,22.0,V,19.0,V,21.0,V,25.0,V,19.0,V,20.0,V,36.0,V,23.0,V,22.0,V,18.0,V,15.0,V,36.0,V,33.0
1780,28,79,60,10,28079060_10_47,2010,9,41.0,V,22.0,V,19.0,V,25.0,V,25.0,V,33.0,V,28.0,V,10.0,V,19.0,V,24.0,V,22.0,V,27.0,V,21.0,V,24.0,V,31.0,V,33.0,V,16.0,V,12.0,V,12.0,V,26.0,V,22.0,V,28.0,V,36.0,V,11.0,V,8.0,V,7.0,V,16.0,V,22.0,V,15.0,V,29.0,V,0.0,N,26.6
1781,28,79,60,10,28079060_10_47,2010,10,25.0,V,25.0,V,26.0,V,8.0,V,17.0,V,23.0,V,35.0,V,26.0,V,19.0,V,10.0,V,18.0,V,11.0,V,16.0,V,17.0,V,18.0,V,13.0,V,9.0,V,16.0,V,25.0,V,29.0,V,28.0,V,36.0,V,27.0,V,21.0,V,8.0,V,29.0,V,29.0,V,47.0,V,43.0,V,7.0,V,10.0,V,26.0
1782,28,79,60,10,28079060_10_47,2010,11,9.0,V,15.0,V,29.0,V,20.0,V,23.0,V,20.0,V,12.0,V,15.0,V,11.0,V,13.0,V,18.0,V,33.0,V,20.0,V,13.0,V,11.0,V,14.0,V,10.0,V,13.0,V,21.0,V,11.0,V,10.0,V,10.0,V,23.0,V,16.0,V,14.0,V,8.0,V,7.0,V,13.0,V,16.0,V,12.0,V,0.0,N,19.866666666666667
1783,28,79,60,10,28079060_10_47,2010,12,10.0,V,13.0,V,17.0,V,11.0,V,18.0,V,17.0,V,11.0,V,13.0,V,13.0,V,29.0,V,17.0,V,25.0,V,46.0,V,13.0,V,8.0,V,14.0,V,26.0,V,27.0,V,12.0,V,8.0,V,5.0,V,5.0,V,7.0,V,10.0,V,11.0,V,16.0,V,29.0,V,33.0,V,26.0,V,22.0,V,14.0,V,21.387096774193548
